Edad,Ingresos_Mensuales,Antiguedad_Laboral,Estado_Civil,Nivel_Educativo,Sector_Laboral,Tiene_Propiedad,Tiene_Vehiculo,Saldo_Cuenta,Deuda_Actual,Monto_Solicitado,Historial_Crediticio,Credito_Aprobado
56,19270.44,33,Soltero/a,Primaria,Jubilado,Sí,Sí,40499.61,2123.78,10000.0,Bueno,Sí
69,40193.97,22,Soltero/a,Secundaria,Independiente,No,Sí,34927.5,36963.42,112708.69,Bueno,Sí
46,19044.5,10,Divorciado/a,Primaria,Público,No,Sí,4516.74,33212.2,87037.48,Excelente,No
32,33246.88,5,Casado/a,Secundaria,Público,No,Sí,32361.16,44463.98,161684.35,Bueno,Sí
60,30683.58,17,Casado/a,Bachillerato,Público,Sí,No,68948.38,0.0,132446.21,Regular,Sí
25,20225.99,20,Casado/a,Bachillerato,Privado,No,Sí,42218.34,9222.75,30400.18,Excelente,Sí
38,62159.16,33,Soltero/a,Universidad,Privado,No,Sí,167979.32,679.75,58080.63,Bueno,Sí
56,39508.79,16,Soltero/a,Postgrado,Privado,No,Sí,82840.05,32530.37,126033.22,Bueno,Sí
36,5000.0,24,Viudo/a,Primaria,Independiente,No,Sí,9452.25,2717.13,142353.95,Bueno,Sí
40,32796.81,11,Soltero/a,Postgrado,Jubilado,No,Sí,45783.94,2690.86,161125.05,Limitado,Sí
28,20073.2,22,Soltero/a,Secundaria,Público,No,Sí,57903.29,87920.74,160725.46,Malo,No
28,42786.5,21,Soltero/a,Universidad,Privado,No,Sí,46244.5,22541.88,95523.87,Malo,Sí
41,18112.19,20,Casado/a,Bachillerato,Jubilado,Sí,No,16112.61,26068.07,118132.78,Limitado,Sí
70,28278.95,26,Casado/a,Bachillerato,Público,No,Sí,72593.63,65398.29,164936.93,Bueno,Sí
53,37574.81,30,Soltero/a,Universidad,Jubilado,Sí,Sí,25056.49,19162.6,84834.58,Regular,Sí
57,42986.33,5,Casado/a,Primaria,Público,Sí,No,189775.66,85760.72,118986.31,Regular,Sí
41,11995.55,26,Viudo/a,Postgrado,Jubilado,No,Sí,24950.66,20528.84,83655.96,Bueno,Sí
20,24982.48,33,Casado/a,Secundaria,Privado,Sí,Sí,58656.52,27026.63,72452.59,Limitado,Sí
39,22875.82,11,Viudo/a,Postgrado,Jubilado,Sí,No,27258.37,50614.4,102419.26,Limitado,No
70,20200.06,6,Divorciado/a,Bachillerato,Jubilado,Sí,Sí,34031.75,40715.73,65622.83,Bueno,No
19,56481.81,9,Soltero/a,Universidad,Público,Sí,Sí,88859.61,14167.54,93454.2,Regular,Sí
41,36074.73,16,Casado/a,Bachillerato,Jubilado,Sí,Sí,52602.91,10442.14,48252.26,Bueno,Sí
61,11086.74,25,Viudo/a,Bachillerato,Independiente,Sí,Sí,29190.96,50220.27,90500.28,Malo,No
47,43767.93,20,Divorciado/a,Secundaria,Público,Sí,Sí,67858.85,56559.34,122419.51,Bueno,Sí
55,61832.34,27,Divorciado/a,Primaria,Jubilado,Sí,No,186579.16,36341.82,70561.82,Bueno,Sí
19,45486.98,1,Casado/a,Primaria,Independiente,Sí,Sí,212114.08,2638.11,100464.59,Sin historial,No
38,7209.45,0,Casado/a,Secundaria,Público,Sí,No,12288.21,65207.16,106967.13,Regular,No
50,22736.49,25,Divorciado/a,Universidad,Privado,No,Sí,48936.1,18114.24,122626.74,Malo,Sí
29,49003.67,28,Soltero/a,Postgrado,Público,Sí,Sí,116603.35,31585.3,93321.01,Limitado,Sí
39,19384.96,20,Soltero/a,Universidad,Público,Sí,No,73885.87,41714.04,154293.32,Excelente,Sí
61,36657.29,10,Viudo/a,Postgrado,Jubilado,No,Sí,70284.94,1243.03,10000.0,Bueno,Sí
42,41619.51,10,Soltero/a,Primaria,Independiente,No,Sí,48735.74,4318.77,246887.64,Excelente,Sí
66,16096.04,34,Divorciado/a,Bachillerato,Público,No,No,11809.01,0.0,56443.31,Malo,No
44,29107.12,33,Divorciado/a,Bachillerato,Público,Sí,Sí,56526.49,38911.33,120169.5,Bueno,Sí
59,5000.0,23,Divorciado/a,Universidad,Público,Sí,Sí,7758.1,0.0,53076.6,Bueno,Sí
45,14634.19,21,Soltero/a,Secundaria,Jubilado,Sí,No,58683.24,9682.9,132213.41,Malo,No
33,26211.48,4,Viudo/a,Postgrado,Público,No,No,98813.67,29184.8,113828.46,Limitado,No
32,11283.25,32,Soltero/a,Bachillerato,Independiente,Sí,No,10895.41,0.0,67464.32,Limitado,Sí
64,54486.17,19,Viudo/a,Universidad,Jubilado,Sí,Sí,70245.74,70035.04,153654.37,Regular,Sí
68,8547.88,18,Soltero/a,Secundaria,Privado,No,No,17726.34,0.0,91801.96,Malo,No
61,23399.33,34,Divorciado/a,Primaria,Privado,No,Sí,79492.82,36237.4,127360.8,Malo,No
72,31961.11,16,Divorciado/a,Secundaria,Jubilado,No,Sí,65744.42,16405.24,54142.01,Malo,Sí
69,51619.1,33,Casado/a,Primaria,Independiente,Sí,No,69828.22,40131.73,98455.62,Regular,Sí
74,8462.07,8,Soltero/a,Universidad,Jubilado,Sí,No,16425.88,58382.46,200170.36,Malo,No
20,47447.46,25,Soltero/a,Secundaria,Jubilado,Sí,Sí,65074.91,104234.4,148148.28,Sin historial,Sí
54,30153.5,1,Casado/a,Universidad,Jubilado,Sí,Sí,78473.8,39606.09,115381.04,Excelente,Sí
68,15277.37,8,Divorciado/a,Primaria,Jubilado,No,No,19722.57,39608.55,77553.96,Limitado,No
24,36931.55,8,Soltero/a,Bachillerato,Público,Sí,No,55011.91,16054.9,103374.93,Sin historial,Sí
38,32985.9,16,Casado/a,Bachillerato,Privado,Sí,No,104299.23,35617.2,109878.3,Bueno,Sí
26,20996.75,0,Soltero/a,Primaria,Independiente,No,Sí,25860.33,74641.95,122461.42,Regular,No
56,31047.03,24,Viudo/a,Postgrado,Público,No,No,17196.08,11655.36,46166.97,Excelente,Sí
35,24220.3,24,Divorciado/a,Postgrado,Privado,No,No,50741.38,45155.73,133420.4,Regular,Sí
21,31702.76,34,Viudo/a,Bachillerato,Jubilado,Sí,Sí,51977.52,22585.86,45520.35,Sin historial,Sí
42,39931.96,2,Divorciado/a,Bachillerato,Privado,No,Sí,100285.74,27515.6,181556.29,Bueno,Sí
31,53790.25,29,Casado/a,Secundaria,Privado,Sí,No,124657.39,0.0,61418.58,Bueno,Sí
67,11432.77,33,Divorciado/a,Secundaria,Público,No,Sí,22500.62,40319.0,114831.42,Malo,No
26,61995.5,11,Divorciado/a,Bachillerato,Público,No,Sí,120206.58,74788.06,150257.13,Limitado,Sí
43,5000.0,18,Casado/a,Postgrado,Independiente,Sí,Sí,6320.71,2596.16,87381.0,Malo,No
70,27723.22,16,Divorciado/a,Secundaria,Jubilado,No,No,57757.09,50796.17,117030.0,Limitado,No
19,38824.76,9,Soltero/a,Primaria,Jubilado,No,No,111865.19,74782.75,171759.08,Regular,No
37,34214.88,11,Casado/a,Secundaria,Jubilado,No,No,35123.4,0.0,128220.15,Excelente,Sí
45,20659.51,15,Casado/a,Secundaria,Privado,Sí,No,41207.51,13278.51,117777.53,Limitado,Sí
64,26878.17,23,Casado/a,Secundaria,Privado,No,No,81666.33,3480.51,15760.73,Excelente,Sí
24,22604.99,18,Viudo/a,Universidad,Jubilado,Sí,No,56635.09,14078.88,53313.89,Limitado,Sí
61,21159.53,7,Viudo/a,Primaria,Independiente,No,Sí,70026.89,23061.09,152346.01,Limitado,No
25,42744.03,30,Divorciado/a,Bachillerato,Privado,No,Sí,61203.37,18066.68,128497.52,Regular,Sí
64,35355.23,20,Casado/a,Postgrado,Independiente,No,Sí,5983.22,86310.83,136073.31,Excelente,Sí
52,19606.36,16,Divorciado/a,Postgrado,Privado,No,No,43146.77,36696.34,131769.85,Malo,No
31,43494.0,22,Soltero/a,Bachillerato,Público,No,No,102757.66,26481.1,164487.83,Limitado,Sí
34,34609.49,15,Casado/a,Universidad,Público,No,Sí,116579.37,25363.23,86930.0,Bueno,Sí
53,42192.93,5,Soltero/a,Postgrado,Jubilado,Sí,No,134517.21,43196.51,106025.0,Regular,Sí
67,39444.43,7,Divorciado/a,Secundaria,Público,Sí,No,100060.41,15071.34,48566.28,Excelente,Sí
57,17565.07,24,Viudo/a,Postgrado,Privado,No,No,48574.27,9344.35,36098.87,Bueno,Sí
21,21597.28,17,Divorciado/a,Primaria,Privado,No,No,39051.74,3028.14,17812.96,Limitado,Sí
19,41209.4,24,Soltero/a,Primaria,Público,Sí,No,32179.82,9340.87,55741.83,Sin historial,Sí
23,39155.55,11,Casado/a,Bachillerato,Público,No,Sí,82920.54,32050.91,177628.09,Limitado,Sí
71,29686.48,14,Divorciado/a,Universidad,Público,No,No,88542.11,8224.52,22363.65,Regular,Sí
59,31759.91,25,Casado/a,Universidad,Jubilado,No,No,84365.78,8581.05,84823.2,Regular,Sí
21,49164.97,25,Viudo/a,Postgrado,Público,Sí,No,139324.05,13382.66,35342.73,Sin historial,Sí
71,21126.43,31,Viudo/a,Universidad,Privado,No,No,33215.91,40753.55,69951.3,Malo,No
46,38206.46,9,Viudo/a,Universidad,Público,No,No,66267.32,39612.26,108484.69,Excelente,Sí
35,26967.11,15,Casado/a,Postgrado,Jubilado,Sí,Sí,66970.81,14694.08,64994.21,Bueno,Sí
43,26734.78,6,Divorciado/a,Primaria,Jubilado,No,No,38858.81,6237.2,154483.24,Bueno,Sí
61,46481.65,16,Casado/a,Secundaria,Privado,Sí,Sí,68991.92,108779.62,176698.91,Bueno,Sí
51,42381.25,22,Casado/a,Bachillerato,Privado,No,Sí,97391.36,659.96,10000.0,Regular,Sí
27,42202.64,25,Divorciado/a,Primaria,Público,No,Sí,116517.47,30930.74,65850.38,Bueno,Sí
53,49582.18,20,Viudo/a,Universidad,Privado,No,Sí,89271.29,44035.12,102957.11,Bueno,Sí
31,30315.06,21,Viudo/a,Universidad,Independiente,No,No,25367.96,39490.09,156305.85,Bueno,Sí
48,40229.29,6,Divorciado/a,Postgrado,Privado,No,Sí,50857.71,19121.33,77287.79,Bueno,Sí
65,25346.0,13,Casado/a,Bachillerato,Independiente,Sí,No,55854.27,0.0,99003.23,Excelente,Sí
32,34862.5,14,Casado/a,Secundaria,Independiente,Sí,Sí,76401.9,15432.13,42162.79,Limitado,Sí
25,28047.85,6,Viudo/a,Postgrado,Privado,Sí,Sí,62861.91,9904.38,23360.21,Regular,Sí
31,31454.94,8,Soltero/a,Postgrado,Independiente,Sí,No,79307.19,14157.77,172269.23,Limitado,Sí
40,38927.36,7,Soltero/a,Secundaria,Privado,No,Sí,78080.91,2688.36,10000.0,Regular,Sí
74,17726.69,22,Soltero/a,Secundaria,Privado,No,No,40151.95,66568.18,216430.95,Limitado,No
57,61385.81,28,Casado/a,Universidad,Jubilado,Sí,No,120007.61,56807.76,136257.57,Bueno,Sí
38,14909.74,17,Casado/a,Postgrado,Independiente,No,No,46946.8,40301.52,133998.65,Regular,No
33,11787.17,30,Viudo/a,Primaria,Independiente,No,Sí,40457.6,0.0,128773.43,Regular,Sí
62,47371.66,29,Soltero/a,Primaria,Público,No,No,38417.88,16950.04,87365.72,Bueno,Sí
35,41874.94,34,Viudo/a,Postgrado,Privado,Sí,No,73061.22,41254.51,119604.23,Limitado,Sí
64,39361.8,17,Viudo/a,Secundaria,Jubilado,Sí,No,80011.69,42407.5,90555.17,Bueno,Sí
70,39425.18,16,Viudo/a,Bachillerato,Jubilado,No,Sí,68327.2,22527.38,127653.66,Excelente,Sí
41,29816.3,13,Divorciado/a,Secundaria,Público,Sí,Sí,113090.92,72510.75,98315.67,Bueno,Sí
43,16541.18,30,Soltero/a,Secundaria,Independiente,No,Sí,36786.84,0.0,52482.59,Malo,Sí
42,31137.07,23,Soltero/a,Bachillerato,Jubilado,Sí,No,37197.22,10574.83,56471.37,Excelente,Sí
62,19842.57,34,Divorciado/a,Secundaria,Independiente,No,Sí,51520.09,14392.52,50786.38,Regular,Sí
58,44626.8,33,Divorciado/a,Bachillerato,Jubilado,No,Sí,101346.33,38599.45,148545.04,Bueno,Sí
46,27794.14,2,Soltero/a,Postgrado,Jubilado,No,No,64043.06,3703.28,69127.67,Bueno,Sí
32,17617.54,25,Divorciado/a,Bachillerato,Privado,No,No,67085.41,3895.72,10000.0,Bueno,Sí
62,25179.21,22,Viudo/a,Primaria,Independiente,No,Sí,59190.91,44847.1,119841.93,Bueno,Sí
18,36193.97,14,Casado/a,Bachillerato,Jubilado,No,No,61397.22,54403.38,175725.88,Regular,No
42,21544.13,3,Viudo/a,Secundaria,Privado,No,Sí,963.53,50798.55,138654.16,Regular,No
24,17666.69,28,Soltero/a,Postgrado,Jubilado,No,No,32411.33,15031.36,69833.82,Sin historial,Sí
26,33655.31,21,Divorciado/a,Bachillerato,Privado,No,Sí,111263.44,0.0,20659.41,Malo,Sí
41,33674.5,24,Casado/a,Secundaria,Privado,No,No,64278.93,14615.4,93286.59,Malo,Sí
18,22395.85,12,Soltero/a,Bachillerato,Independiente,No,Sí,-5376.12,30502.67,92038.81,Sin historial,No
61,22934.43,17,Divorciado/a,Postgrado,Privado,Sí,Sí,34439.2,17139.58,51540.02,Limitado,Sí
25,33480.75,32,Casado/a,Postgrado,Jubilado,Sí,No,100197.46,39321.16,127551.87,Regular,Sí
41,8278.73,15,Casado/a,Primaria,Público,Sí,No,21076.13,78806.16,192331.33,Malo,No
28,8888.04,1,Divorciado/a,Postgrado,Jubilado,No,No,10311.18,20419.53,111114.14,Malo,No
68,19223.34,34,Casado/a,Secundaria,Jubilado,Sí,No,27580.02,32983.58,108023.81,Malo,No
34,26798.29,33,Soltero/a,Postgrado,Privado,Sí,Sí,42590.29,22021.62,53138.6,Excelente,Sí
25,34663.61,29,Divorciado/a,Postgrado,Jubilado,Sí,Sí,46355.17,48077.16,169870.74,Excelente,Sí
52,52130.34,12,Viudo/a,Secundaria,Privado,Sí,Sí,-1546.91,4940.64,96242.79,Regular,Sí
52,42864.89,12,Soltero/a,Secundaria,Independiente,No,No,118461.03,7652.45,71051.84,Bueno,Sí
50,27600.92,17,Soltero/a,Postgrado,Privado,No,Sí,89897.85,48101.53,103184.42,Regular,Sí
22,29714.76,31,Divorciado/a,Postgrado,Independiente,No,Sí,14309.17,71500.8,123598.07,Limitado,Sí
59,14962.06,31,Divorciado/a,Bachillerato,Público,Sí,Sí,48534.72,57230.07,106960.77,Malo,Sí
56,29722.3,34,Casado/a,Postgrado,Jubilado,Sí,Sí,56382.51,55535.58,160307.67,Regular,Sí
58,25670.12,28,Soltero/a,Primaria,Independiente,No,Sí,82789.53,7077.23,119198.58,Limitado,Sí
45,34840.78,28,Casado/a,Primaria,Público,Sí,No,71003.78,25631.88,85802.91,Excelente,Sí
24,17591.54,15,Soltero/a,Primaria,Privado,No,No,37567.52,73530.63,120059.61,Regular,No
26,37790.2,9,Soltero/a,Primaria,Público,Sí,No,89654.78,52954.52,124981.86,Excelente,Sí
25,52991.08,29,Viudo/a,Postgrado,Independiente,No,No,64115.69,9094.5,35181.2,Malo,Sí
29,28368.6,24,Soltero/a,Bachillerato,Jubilado,Sí,Sí,90628.43,67039.34,157470.99,Regular,Sí
51,36025.68,19,Casado/a,Secundaria,Público,Sí,No,31652.86,3918.2,84954.8,Excelente,Sí
50,40352.16,4,Casado/a,Postgrado,Público,No,No,64480.06,13872.07,86233.84,Regular,Sí
65,23981.69,0,Viudo/a,Universidad,Privado,Sí,No,60536.13,11440.46,137568.8,Bueno,No
72,33361.39,29,Casado/a,Postgrado,Privado,Sí,Sí,49735.32,54107.39,137358.26,Malo,Sí
40,30188.89,2,Divorciado/a,Primaria,Jubilado,No,Sí,83850.59,28764.93,64958.42,Bueno,Sí
41,31465.14,13,Viudo/a,Universidad,Privado,Sí,Sí,106222.1,37731.93,140145.08,Malo,Sí
54,18404.85,29,Casado/a,Postgrado,Independiente,No,Sí,55445.46,9027.0,71977.59,Regular,Sí
52,30367.65,3,Casado/a,Bachillerato,Independiente,Sí,Sí,1940.03,56539.26,190978.65,Regular,No
61,37469.97,17,Divorciado/a,Bachillerato,Público,Sí,Sí,79655.42,11875.32,58590.3,Bueno,Sí
57,51767.15,24,Viudo/a,Universidad,Privado,No,No,156786.27,15762.1,111973.87,Bueno,Sí
39,44389.06,0,Divorciado/a,Secundaria,Privado,No,No,30328.88,22398.62,60899.12,Limitado,Sí
44,62297.74,14,Viudo/a,Universidad,Público,No,No,169674.78,31332.73,211134.78,Bueno,Sí
52,18489.79,8,Viudo/a,Bachillerato,Jubilado,No,No,49320.79,0.0,38108.95,Limitado,Sí
18,43084.81,14,Soltero/a,Universidad,Privado,No,No,33946.96,3935.12,126218.14,Limitado,Sí
52,32750.13,23,Casado/a,Primaria,Privado,Sí,No,92821.49,0.0,63254.48,Regular,Sí
54,62847.04,3,Casado/a,Primaria,Jubilado,Sí,No,142832.33,28762.17,82294.62,Excelente,Sí
64,17875.53,11,Soltero/a,Secundaria,Privado,No,Sí,47376.98,40493.32,122676.89,Excelente,Sí
31,17404.17,5,Divorciado/a,Universidad,Independiente,No,Sí,17990.47,51610.12,161229.22,Excelente,No
20,21009.11,23,Soltero/a,Universidad,Independiente,Sí,No,45172.45,75646.8,181169.83,Regular,No
18,5000.0,10,Casado/a,Universidad,Jubilado,Sí,No,1475.61,12465.17,23152.6,Limitado,No
22,22113.67,12,Casado/a,Universidad,Jubilado,No,Sí,-6125.29,20585.14,113387.56,Sin historial,No
43,18613.01,33,Soltero/a,Secundaria,Independiente,No,No,39847.26,65954.47,172974.68,Excelente,Sí
72,32255.91,24,Soltero/a,Bachillerato,Independiente,Sí,No,100012.6,0.0,15734.45,Bueno,Sí
31,35126.34,6,Soltero/a,Postgrado,Independiente,Sí,No,79137.42,66624.38,115719.17,Malo,No
56,58142.56,3,Casado/a,Secundaria,Independiente,Sí,Sí,112596.2,5098.06,99895.81,Regular,Sí
44,44256.36,7,Soltero/a,Bachillerato,Jubilado,Sí,Sí,80213.14,19072.92,120727.09,Excelente,Sí
26,21346.45,19,Soltero/a,Bachillerato,Jubilado,No,No,22572.47,11077.38,61384.8,Malo,Sí
32,16523.78,28,Divorciado/a,Bachillerato,Público,Sí,Sí,29381.58,0.0,28219.06,Bueno,Sí
32,37378.79,9,Soltero/a,Universidad,Jubilado,Sí,Sí,90519.64,3065.15,10000.0,Bueno,Sí
43,10196.5,33,Casado/a,Secundaria,Independiente,Sí,Sí,15955.26,51012.36,148819.2,Regular,Sí
59,57471.88,25,Divorciado/a,Bachillerato,Privado,No,No,158081.4,40681.24,155202.46,Bueno,Sí
30,47691.6,2,Viudo/a,Postgrado,Independiente,Sí,Sí,104729.56,0.0,115134.27,Regular,Sí
68,22962.37,5,Casado/a,Postgrado,Independiente,No,Sí,53203.34,51061.27,73292.58,Excelente,No
49,5000.0,4,Casado/a,Primaria,Jubilado,No,No,14443.31,7724.66,18847.71,Regular,No
56,50308.09,4,Viudo/a,Bachillerato,Público,No,No,74116.12,102533.82,128167.27,Bueno,Sí
66,28281.9,22,Casado/a,Secundaria,Privado,No,No,75212.34,6248.6,44961.04,Excelente,Sí
69,48567.24,8,Viudo/a,Universidad,Privado,No,Sí,78364.37,31674.76,64435.07,Bueno,Sí
49,6083.59,34,Viudo/a,Primaria,Público,No,Sí,14232.65,32216.08,70671.8,Bueno,Sí
21,21009.37,19,Casado/a,Bachillerato,Independiente,Sí,No,28451.49,21799.46,90123.24,Sin historial,No
47,30078.66,34,Soltero/a,Universidad,Jubilado,Sí,No,32764.57,36124.97,62047.98,Malo,Sí
54,30704.71,17,Soltero/a,Secundaria,Independiente,Sí,Sí,64230.1,22258.04,101672.94,Regular,Sí
40,23249.02,16,Viudo/a,Secundaria,Privado,Sí,Sí,2668.99,15698.98,68909.08,Bueno,Sí
56,39342.75,23,Divorciado/a,Primaria,Privado,No,No,67029.52,0.0,135068.65,Regular,Sí
62,13985.69,2,Viudo/a,Primaria,Independiente,Sí,Sí,5505.09,57863.84,151553.15,Excelente,No
32,27864.31,31,Viudo/a,Bachillerato,Privado,Sí,No,77441.44,3679.2,105427.13,Excelente,Sí
60,31804.43,34,Viudo/a,Universidad,Jubilado,Sí,Sí,97007.03,23377.19,123131.32,Excelente,Sí
46,37716.58,12,Soltero/a,Postgrado,Privado,Sí,No,42847.87,19509.59,205892.8,Bueno,Sí
53,40674.22,24,Soltero/a,Universidad,Jubilado,Sí,Sí,98769.74,9380.76,41369.84,Regular,Sí
30,13130.37,8,Soltero/a,Secundaria,Independiente,Sí,No,38066.72,14900.46,38326.59,Excelente,Sí
49,6988.29,3,Viudo/a,Secundaria,Independiente,Sí,Sí,20283.3,40725.23,134749.9,Bueno,No
24,49165.15,13,Divorciado/a,Bachillerato,Jubilado,No,No,108873.81,87204.44,197327.14,Regular,No
68,34984.71,33,Soltero/a,Postgrado,Jubilado,No,Sí,95658.86,48108.16,86975.07,Bueno,Sí
39,18772.7,10,Casado/a,Bachillerato,Jubilado,No,No,25355.7,42158.1,186341.69,Limitado,No
45,53267.28,2,Casado/a,Secundaria,Privado,No,No,110962.27,21413.66,104821.69,Regular,Sí
19,31735.12,27,Casado/a,Secundaria,Independiente,Sí,No,48646.66,32420.2,65955.64,Sin historial,Sí
59,47689.46,28,Viudo/a,Universidad,Privado,Sí,No,60384.97,25606.61,50465.38,Excelente,Sí
62,31012.78,8,Casado/a,Postgrado,Privado,No,No,63143.99,58914.4,131470.68,Regular,No
74,60911.22,2,Viudo/a,Universidad,Jubilado,No,Sí,142990.94,5944.08,54252.05,Excelente,Sí
70,56330.11,24,Casado/a,Universidad,Privado,No,No,178200.8,40015.77,104063.84,Regular,Sí
23,26265.54,33,Divorciado/a,Bachillerato,Público,Sí,Sí,59495.53,57674.82,179173.25,Regular,Sí
45,44573.56,11,Viudo/a,Universidad,Público,Sí,No,117760.25,43219.92,84660.98,Bueno,Sí
45,39680.64,8,Casado/a,Primaria,Público,No,Sí,105283.97,30725.11,165700.47,Regular,Sí
61,50529.47,14,Soltero/a,Primaria,Público,Sí,No,236858.63,0.0,39272.83,Excelente,Sí
61,15526.15,24,Viudo/a,Universidad,Público,No,No,2949.47,32110.86,73304.54,Bueno,No
37,40290.77,4,Soltero/a,Postgrado,Jubilado,Sí,Sí,52864.15,0.0,29642.8,Malo,Sí
47,45876.37,10,Soltero/a,Universidad,Privado,Sí,No,159377.08,15930.7,103649.84,Excelente,Sí
28,5000.0,33,Soltero/a,Secundaria,Privado,Sí,Sí,8239.93,13255.54,139003.91,Excelente,Sí
72,12251.12,23,Soltero/a,Secundaria,Público,No,Sí,35354.32,9754.73,103759.35,Excelente,Sí
45,5000.0,14,Casado/a,Postgrado,Privado,Sí,No,11150.05,24234.13,161352.5,Regular,Sí
42,25958.9,7,Casado/a,Bachillerato,Público,Sí,No,106566.54,33989.47,62541.04,Regular,Sí
56,40763.13,4,Viudo/a,Primaria,Privado,Sí,Sí,36154.68,51640.31,111267.14,Bueno,Sí
50,52535.36,25,Viudo/a,Primaria,Jubilado,Sí,No,169258.45,18381.15,73626.53,Bueno,Sí
18,31111.42,17,Viudo/a,Bachillerato,Independiente,No,No,116654.8,62197.67,118083.83,Limitado,No
74,54429.23,5,Casado/a,Universidad,Público,No,No,53644.42,10958.92,125186.8,Bueno,Sí
44,9298.48,12,Viudo/a,Postgrado,Jubilado,No,Sí,25876.46,7791.52,129119.8,Bueno,Sí
74,5000.0,27,Soltero/a,Universidad,Jubilado,Sí,No,5172.51,21967.4,46470.28,Excelente,Sí
69,29166.78,4,Casado/a,Bachillerato,Público,No,Sí,59213.28,23089.32,55512.69,Limitado,Sí
30,35760.98,12,Viudo/a,Postgrado,Público,No,Sí,62346.12,13471.99,64785.61,Limitado,Sí
58,29509.58,16,Soltero/a,Primaria,Jubilado,No,Sí,-10000.0,6419.97,88055.96,Excelente,Sí
20,5000.0,31,Viudo/a,Primaria,Público,No,Sí,12121.17,61775.12,104359.32,Regular,No
56,28663.2,28,Divorciado/a,Universidad,Público,No,No,61434.96,0.0,135404.46,Bueno,Sí
23,10432.96,2,Viudo/a,Secundaria,Independiente,No,No,36297.09,10385.24,57595.07,Limitado,No
25,40045.09,33,Divorciado/a,Bachillerato,Independiente,Sí,Sí,104563.48,6896.69,19949.04,Regular,Sí
44,35498.97,26,Viudo/a,Bachillerato,Público,Sí,Sí,152321.96,137229.49,207787.16,Bueno,Sí
26,15901.8,12,Viudo/a,Universidad,Jubilado,No,Sí,33505.77,16355.61,43427.35,Bueno,Sí
54,22292.0,32,Casado/a,Bachillerato,Privado,No,Sí,42231.52,56167.85,141816.19,Malo,Sí
50,14111.8,5,Casado/a,Primaria,Público,No,No,25622.0,18903.3,101563.34,Limitado,No
68,29059.81,23,Divorciado/a,Universidad,Público,Sí,Sí,45345.26,46567.81,112565.28,Malo,No
59,44327.13,18,Casado/a,Primaria,Privado,Sí,Sí,-9209.0,32081.29,99922.47,Bueno,Sí
61,15214.11,15,Soltero/a,Postgrado,Privado,Sí,Sí,27078.15,0.0,80757.91,Excelente,Sí
41,37560.7,27,Soltero/a,Postgrado,Privado,Sí,Sí,-2548.67,56497.28,123198.61,Excelente,Sí
32,22046.14,32,Divorciado/a,Secundaria,Independiente,No,Sí,54057.87,38573.04,78070.64,Bueno,Sí
71,18106.91,12,Soltero/a,Bachillerato,Independiente,Sí,No,13760.16,72931.51,158315.14,Excelente,No
49,28394.54,24,Soltero/a,Postgrado,Independiente,Sí,No,31394.92,39382.62,128422.05,Limitado,Sí
49,14471.37,26,Viudo/a,Bachillerato,Jubilado,No,No,19255.46,14137.19,129979.71,Malo,No
41,21695.26,6,Casado/a,Primaria,Público,No,No,38944.4,0.0,74643.85,Regular,No
58,12031.83,4,Soltero/a,Universidad,Independiente,No,No,24146.3,29224.55,88182.26,Malo,No
69,59470.88,30,Soltero/a,Postgrado,Jubilado,Sí,Sí,183436.72,20967.62,40604.36,Bueno,Sí
66,30528.95,22,Casado/a,Universidad,Jubilado,No,No,43426.51,41101.02,82349.2,Bueno,Sí
66,19504.12,9,Soltero/a,Postgrado,Privado,No,Sí,48373.07,22313.6,48171.2,Bueno,Sí
69,33209.7,31,Soltero/a,Bachillerato,Privado,Sí,No,157110.68,47237.37,165653.43,Regular,Sí
29,28315.08,29,Casado/a,Postgrado,Independiente,No,No,67314.88,53056.88,102526.79,Excelente,Sí
56,26685.46,30,Viudo/a,Postgrado,Público,No,No,48554.47,52616.36,108524.86,Bueno,Sí
19,39212.5,17,Soltero/a,Primaria,Público,No,No,47872.52,19121.67,88742.67,Regular,Sí
20,41362.62,1,Casado/a,Secundaria,Público,No,Sí,74687.18,47832.46,109878.95,Regular,Sí
66,22042.48,13,Soltero/a,Primaria,Jubilado,No,No,24550.47,43043.24,223243.88,Limitado,No
54,21362.73,12,Soltero/a,Universidad,Jubilado,Sí,Sí,48464.8,34677.55,84992.99,Limitado,No
66,25874.22,28,Viudo/a,Bachillerato,Jubilado,Sí,No,54427.56,2711.1,67479.35,Regular,Sí
73,5000.0,11,Divorciado/a,Bachillerato,Jubilado,No,No,-811.1,7027.19,126484.66,Excelente,No
34,7272.13,1,Divorciado/a,Postgrado,Público,No,No,14409.3,5116.41,10000.0,Regular,No
66,50503.11,31,Casado/a,Bachillerato,Público,No,Sí,155354.96,50310.19,103197.84,Bueno,Sí
19,54674.52,12,Divorciado/a,Secundaria,Privado,No,Sí,87527.79,34741.32,81414.35,Regular,Sí
19,26264.46,26,Casado/a,Secundaria,Público,No,No,35380.94,16001.75,50384.34,Regular,Sí
45,38648.35,16,Divorciado/a,Postgrado,Jubilado,Sí,No,24050.84,0.0,125387.88,Bueno,Sí
71,34668.75,30,Viudo/a,Postgrado,Jubilado,No,Sí,4923.24,29271.88,102699.42,Malo,Sí
40,76183.21,33,Casado/a,Universidad,Independiente,Sí,Sí,215701.28,3908.37,10000.0,Regular,Sí
54,46793.62,23,Divorciado/a,Postgrado,Público,No,No,85095.21,13064.6,67673.52,Excelente,Sí
49,28081.24,34,Viudo/a,Primaria,Público,No,No,77841.8,1575.01,10000.0,Bueno,Sí
50,15666.89,5,Divorciado/a,Primaria,Privado,No,Sí,55324.86,67523.49,114663.47,Malo,No
18,5903.31,18,Soltero/a,Primaria,Privado,Sí,No,17245.03,32872.91,114164.97,Limitado,No
36,33051.95,29,Soltero/a,Secundaria,Jubilado,No,Sí,48177.44,23588.87,60335.91,Excelente,Sí
19,18654.74,6,Viudo/a,Bachillerato,Independiente,Sí,No,40011.95,57765.5,127005.64,Sin historial,No
70,8666.19,9,Soltero/a,Universidad,Público,No,No,12004.64,3577.2,35875.07,Malo,No
61,20301.41,31,Soltero/a,Postgrado,Público,No,Sí,26223.57,17499.01,51674.15,Limitado,Sí
43,13776.78,33,Casado/a,Universidad,Independiente,Sí,Sí,32276.45,68156.18,120859.52,Excelente,Sí
49,55307.12,27,Divorciado/a,Secundaria,Público,Sí,No,64582.46,43526.08,65566.66,Excelente,Sí
23,43224.6,14,Casado/a,Postgrado,Privado,No,Sí,-9040.5,29833.85,96867.15,Limitado,Sí
49,29880.41,29,Divorciado/a,Postgrado,Independiente,No,No,33222.6,18127.56,71817.55,Regular,Sí
72,52199.16,28,Soltero/a,Secundaria,Público,No,Sí,88379.38,28111.01,79453.44,Bueno,Sí
21,31160.52,21,Casado/a,Bachillerato,Privado,Sí,Sí,109728.61,28469.68,81638.79,Limitado,Sí
72,17080.74,3,Divorciado/a,Postgrado,Privado,Sí,Sí,25775.91,37332.8,64662.16,Limitado,No
28,52846.86,19,Divorciado/a,Bachillerato,Jubilado,No,Sí,132747.3,11595.33,115122.49,Malo,Sí
73,38083.65,31,Casado/a,Secundaria,Público,Sí,No,69757.51,16741.01,68603.58,Bueno,Sí
34,14441.31,3,Viudo/a,Universidad,Independiente,No,No,46593.52,7717.23,100784.34,Limitado,No
55,27144.92,26,Divorciado/a,Postgrado,Privado,No,Sí,85699.13,6202.58,63563.42,Bueno,Sí
41,16865.73,16,Soltero/a,Bachillerato,Privado,No,No,53568.51,8739.23,23285.07,Malo,Sí
22,9258.0,11,Divorciado/a,Postgrado,Jubilado,Sí,No,2462.78,67273.11,145621.76,Sin historial,No
69,43892.66,21,Soltero/a,Bachillerato,Independiente,Sí,No,96858.99,21261.18,124976.35,Excelente,Sí
51,58641.25,16,Casado/a,Postgrado,Jubilado,Sí,No,161787.61,97442.92,214434.1,Excelente,Sí
23,9021.49,9,Divorciado/a,Postgrado,Privado,Sí,No,21485.03,24967.4,47801.36,Sin historial,No
39,38444.54,0,Soltero/a,Postgrado,Público,No,No,101362.73,61516.94,89551.98,Regular,No
28,20240.36,21,Soltero/a,Universidad,Independiente,Sí,Sí,41661.77,29377.7,93574.63,Bueno,Sí
65,22693.12,25,Casado/a,Postgrado,Público,No,No,28484.76,25715.62,149468.47,Excelente,Sí
33,21114.09,17,Divorciado/a,Bachillerato,Público,Sí,Sí,6395.51,7427.56,74644.61,Excelente,Sí
50,17040.14,13,Divorciado/a,Universidad,Jubilado,Sí,No,23079.69,3300.97,41447.91,Malo,Sí
26,30727.82,28,Casado/a,Primaria,Privado,Sí,Sí,143748.12,88207.72,160390.47,Limitado,Sí
23,17535.75,11,Divorciado/a,Bachillerato,Público,No,No,26555.24,0.0,84167.5,Limitado,No
33,34056.85,34,Casado/a,Bachillerato,Independiente,Sí,No,1383.04,78234.29,143932.18,Limitado,Sí
46,29246.43,11,Divorciado/a,Primaria,Jubilado,Sí,No,79920.24,17444.91,138109.92,Malo,No
20,26415.78,6,Viudo/a,Universidad,Independiente,No,Sí,75429.2,16052.33,98505.48,Limitado,No
37,16386.55,28,Divorciado/a,Postgrado,Público,No,No,53867.91,24618.37,91284.31,Malo,No
53,21348.43,10,Soltero/a,Bachillerato,Independiente,No,Sí,52751.51,12808.7,80421.76,Excelente,Sí
36,41330.87,32,Soltero/a,Primaria,Jubilado,No,Sí,117611.19,48270.1,99240.34,Limitado,Sí
43,37513.76,5,Viudo/a,Postgrado,Jubilado,No,No,144060.98,94864.36,143155.01,Bueno,Sí
20,15336.67,14,Divorciado/a,Universidad,Privado,No,No,19240.26,10140.81,60177.99,Limitado,No
36,31489.98,31,Soltero/a,Bachillerato,Independiente,Sí,No,33258.12,22517.46,105442.28,Excelente,Sí
37,41270.81,10,Soltero/a,Postgrado,Jubilado,No,Sí,37367.15,11781.07,44068.43,Regular,Sí
49,5000.0,22,Divorciado/a,Postgrado,Jubilado,Sí,Sí,8671.15,20530.86,50294.69,Excelente,Sí
24,38150.4,25,Casado/a,Secundaria,Privado,No,No,130986.44,26513.72,98453.05,Regular,Sí
69,20060.64,33,Divorciado/a,Primaria,Jubilado,Sí,No,50714.67,5774.51,10000.0,Bueno,Sí
58,38558.98,33,Casado/a,Postgrado,Público,Sí,No,95961.42,107467.72,203027.93,Bueno,Sí
50,18551.11,28,Viudo/a,Universidad,Independiente,Sí,Sí,3352.04,2538.13,40347.0,Limitado,Sí
57,5000.0,3,Viudo/a,Secundaria,Privado,No,Sí,6534.07,39609.19,97995.57,Regular,No
56,5586.86,16,Soltero/a,Postgrado,Público,No,No,918.16,95690.93,158410.89,Malo,No
35,30721.27,34,Soltero/a,Postgrado,Público,No,No,97424.7,11430.29,56854.73,Limitado,Sí
57,33895.84,12,Soltero/a,Universidad,Independiente,No,Sí,121538.5,2411.47,10000.0,Excelente,Sí
18,16435.25,14,Casado/a,Secundaria,Privado,Sí,No,45682.87,15114.55,77752.71,Limitado,Sí
28,39578.89,28,Soltero/a,Secundaria,Jubilado,No,No,40101.88,11172.18,56258.98,Malo,Sí
45,5077.2,28,Divorciado/a,Primaria,Privado,No,Sí,17678.92,0.0,10000.0,Bueno,Sí
74,29008.8,10,Casado/a,Postgrado,Jubilado,No,Sí,50670.98,3922.81,114244.49,Excelente,Sí
42,11834.76,31,Viudo/a,Primaria,Independiente,Sí,No,9296.69,34816.32,110354.69,Bueno,Sí
67,20222.46,1,Casado/a,Secundaria,Independiente,No,No,20942.29,94697.08,157116.32,Excelente,No
40,30710.98,13,Soltero/a,Primaria,Público,No,Sí,48211.43,7795.13,43958.88,Malo,Sí
48,17093.8,19,Divorciado/a,Universidad,Público,No,Sí,35035.09,3436.37,20043.18,Excelente,Sí
47,24231.67,21,Divorciado/a,Bachillerato,Público,No,Sí,44553.7,51009.1,79663.85,Malo,No
59,45094.39,10,Soltero/a,Universidad,Independiente,No,Sí,26485.36,7488.78,95582.87,Excelente,Sí
52,21346.62,26,Divorciado/a,Secundaria,Jubilado,No,Sí,68593.44,0.0,146067.48,Regular,Sí
24,42535.38,2,Casado/a,Universidad,Independiente,No,No,78664.68,22901.44,170528.4,Regular,No
33,13054.4,16,Casado/a,Secundaria,Independiente,Sí,Sí,16791.17,26912.12,160723.96,Bueno,Sí
43,37947.06,27,Soltero/a,Universidad,Público,Sí,Sí,118026.83,0.0,113827.18,Excelente,Sí
65,51623.53,28,Divorciado/a,Postgrado,Privado,No,No,42155.46,38407.96,139974.96,Excelente,Sí
74,5000.0,20,Viudo/a,Postgrado,Público,Sí,Sí,1855.55,33286.79,67975.33,Bueno,Sí
69,18046.57,15,Casado/a,Universidad,Privado,No,No,59057.17,4641.35,108419.76,Excelente,Sí
66,38656.08,19,Casado/a,Primaria,Jubilado,Sí,Sí,150425.8,12838.9,40435.49,Bueno,Sí
19,26954.32,5,Casado/a,Secundaria,Jubilado,No,Sí,41453.16,39107.19,103134.27,Limitado,Sí
18,35567.19,18,Casado/a,Postgrado,Jubilado,No,Sí,69499.36,29588.1,104432.33,Limitado,Sí
65,20940.22,4,Viudo/a,Secundaria,Público,No,Sí,17869.03,62743.65,186106.43,Limitado,No
29,31298.85,2,Soltero/a,Postgrado,Público,No,No,62769.61,30059.96,88550.86,Limitado,Sí
22,27664.84,0,Casado/a,Bachillerato,Público,Sí,Sí,42169.37,14364.28,104502.14,Regular,Sí
54,47516.73,14,Divorciado/a,Universidad,Independiente,No,No,90180.65,67077.13,111848.07,Bueno,Sí
49,33816.31,33,Viudo/a,Postgrado,Público,Sí,No,81472.23,42457.78,77258.98,Bueno,Sí
72,35064.04,34,Casado/a,Universidad,Independiente,Sí,Sí,31622.66,32211.88,59875.36,Bueno,Sí
26,23821.85,24,Divorciado/a,Bachillerato,Jubilado,No,No,39024.68,82921.42,164940.57,Bueno,Sí
58,22685.91,23,Casado/a,Secundaria,Público,Sí,No,4451.4,0.0,50954.13,Regular,Sí
52,23511.63,11,Soltero/a,Universidad,Independiente,No,No,38676.93,16305.13,33604.1,Excelente,Sí
36,35916.78,17,Viudo/a,Postgrado,Jubilado,Sí,Sí,68477.71,57775.84,134013.27,Excelente,Sí
65,23685.23,14,Soltero/a,Bachillerato,Jubilado,No,Sí,52793.96,0.0,157890.74,Regular,Sí
33,34346.62,15,Viudo/a,Postgrado,Público,Sí,No,76921.88,19900.77,77429.52,Malo,Sí
20,61131.01,26,Casado/a,Bachillerato,Privado,Sí,No,177519.73,27788.1,78197.33,Limitado,Sí
37,43066.87,7,Casado/a,Bachillerato,Privado,No,Sí,19825.12,72226.92,114127.18,Limitado,Sí
41,25109.65,24,Viudo/a,Postgrado,Jubilado,Sí,No,12899.4,28746.71,64607.37,Excelente,Sí
71,48018.21,16,Divorciado/a,Universidad,Privado,Sí,No,121436.03,7741.42,60914.37,Bueno,Sí
73,23878.87,28,Divorciado/a,Secundaria,Privado,No,No,-930.35,92014.17,143979.63,Limitado,No
50,5000.0,7,Casado/a,Secundaria,Independiente,No,No,10916.5,40248.36,130356.56,Excelente,No
41,14878.71,14,Casado/a,Bachillerato,Independiente,No,No,12196.18,41196.08,165557.94,Malo,No
69,5000.0,26,Soltero/a,Postgrado,Independiente,No,No,17864.07,8766.25,37370.55,Malo,No
28,24727.3,6,Casado/a,Bachillerato,Jubilado,Sí,Sí,55647.61,0.0,74876.88,Limitado,Sí
66,30276.28,2,Viudo/a,Secundaria,Privado,No,Sí,53917.33,31713.65,114058.98,Regular,No
25,55146.56,28,Divorciado/a,Bachillerato,Público,No,Sí,177997.7,21460.57,53718.96,Excelente,Sí
53,34903.91,23,Divorciado/a,Bachillerato,Privado,No,No,32690.93,29444.69,132084.37,Malo,Sí
55,26713.49,2,Soltero/a,Secundaria,Jubilado,No,Sí,30095.16,61927.43,161231.35,Limitado,No
57,42441.08,19,Divorciado/a,Universidad,Independiente,Sí,No,31344.65,9004.3,70832.1,Bueno,Sí
37,5000.0,14,Divorciado/a,Bachillerato,Jubilado,Sí,No,5674.8,27705.93,101929.6,Regular,No
52,33534.22,24,Viudo/a,Universidad,Independiente,Sí,Sí,69117.9,62772.71,172780.93,Bueno,Sí
65,41562.98,29,Divorciado/a,Bachillerato,Jubilado,No,Sí,103656.07,64194.81,189963.58,Bueno,Sí
42,7821.21,13,Soltero/a,Postgrado,Público,Sí,No,23161.9,0.0,137290.06,Excelente,Sí
52,47156.31,6,Soltero/a,Bachillerato,Independiente,Sí,Sí,8265.37,27516.13,129671.46,Excelente,Sí
42,35077.45,16,Divorciado/a,Bachillerato,Independiente,No,Sí,64126.38,36422.09,57313.17,Bueno,Sí
46,23770.68,19,Casado/a,Primaria,Privado,Sí,No,21199.54,23770.31,117960.47,Limitado,Sí
35,39491.73,8,Divorciado/a,Postgrado,Jubilado,Sí,No,70876.32,38756.48,127841.04,Excelente,Sí
63,64060.39,21,Soltero/a,Postgrado,Privado,No,Sí,277648.21,25291.84,89481.49,Excelente,Sí
35,32727.99,1,Soltero/a,Universidad,Jubilado,Sí,No,75008.03,43115.64,70261.19,Excelente,Sí
19,33723.31,23,Viudo/a,Universidad,Público,No,Sí,97779.56,20054.44,35935.12,Sin historial,Sí
71,23109.59,7,Divorciado/a,Bachillerato,Privado,Sí,Sí,91529.95,6051.97,13113.51,Excelente,Sí
52,17252.33,10,Divorciado/a,Secundaria,Independiente,Sí,No,53954.22,1053.52,10000.0,Malo,No
33,42455.04,12,Viudo/a,Bachillerato,Público,No,No,65893.85,47956.56,128972.13,Regular,Sí
58,17158.74,16,Soltero/a,Primaria,Jubilado,Sí,Sí,12425.81,44413.17,107384.97,Malo,No
53,31073.49,7,Viudo/a,Bachillerato,Independiente,No,No,61210.29,12150.66,75809.44,Bueno,Sí
50,22835.14,20,Casado/a,Primaria,Jubilado,No,Sí,32706.64,10503.2,83427.19,Bueno,Sí
21,37184.7,17,Divorciado/a,Bachillerato,Independiente,No,No,17680.53,70845.9,110523.53,Sin historial,No
50,35004.93,29,Soltero/a,Universidad,Jubilado,No,No,78443.42,22010.5,91771.85,Regular,Sí
31,45563.1,17,Viudo/a,Bachillerato,Independiente,Sí,Sí,103240.8,20541.61,32972.34,Bueno,Sí
38,22349.75,30,Soltero/a,Universidad,Jubilado,Sí,No,84238.82,72740.35,145650.01,Regular,Sí
65,25951.88,31,Casado/a,Secundaria,Privado,No,Sí,42515.33,43959.89,115206.31,Bueno,Sí
37,15318.54,10,Divorciado/a,Secundaria,Independiente,Sí,No,34928.13,44242.38,113294.92,Malo,No
73,23335.6,24,Viudo/a,Postgrado,Independiente,Sí,Sí,31141.7,2825.66,141878.14,Regular,Sí
25,35659.51,32,Soltero/a,Bachillerato,Privado,Sí,Sí,102455.81,20248.4,59317.73,Regular,Sí
24,41354.83,7,Divorciado/a,Postgrado,Jubilado,Sí,No,77556.11,93745.2,160686.57,Sin historial,No
20,16167.52,10,Divorciado/a,Bachillerato,Independiente,No,Sí,13377.14,40571.98,92997.86,Regular,No
34,43044.09,21,Soltero/a,Secundaria,Privado,Sí,No,85508.3,47787.15,144429.94,Regular,Sí
50,50334.57,23,Divorciado/a,Primaria,Jubilado,No,Sí,120325.94,87828.78,136722.45,Excelente,Sí
65,36201.52,16,Divorciado/a,Postgrado,Independiente,Sí,Sí,81644.32,12639.36,48059.91,Excelente,Sí
29,58151.94,11,Viudo/a,Postgrado,Independiente,Sí,Sí,177124.8,22036.64,125145.02,Bueno,Sí
68,18393.16,31,Divorciado/a,Secundaria,Jubilado,No,No,10151.99,38472.67,116313.73,Bueno,No
39,11330.18,14,Viudo/a,Secundaria,Privado,No,No,13111.93,46016.35,101515.58,Limitado,No
72,5000.0,15,Divorciado/a,Primaria,Independiente,No,Sí,13198.94,0.0,95281.41,Excelente,No
39,52440.66,21,Casado/a,Postgrado,Jubilado,No,No,66847.74,34164.29,95705.34,Malo,Sí
63,39815.48,27,Casado/a,Secundaria,Independiente,Sí,No,89205.44,64982.83,140634.47,Excelente,Sí
47,29166.23,19,Viudo/a,Secundaria,Jubilado,No,Sí,-10000.0,31717.54,128895.53,Malo,No
55,34199.53,32,Viudo/a,Primaria,Independiente,No,Sí,161283.16,52933.87,101523.94,Regular,Sí
55,13117.66,9,Casado/a,Primaria,Público,Sí,Sí,22697.24,10878.59,25403.19,Regular,Sí
62,66686.28,31,Divorciado/a,Universidad,Privado,Sí,No,212993.06,90832.24,124722.17,Bueno,Sí
68,31938.32,32,Viudo/a,Bachillerato,Privado,No,Sí,53116.69,20410.68,136180.68,Excelente,Sí
71,31640.92,1,Soltero/a,Universidad,Público,No,Sí,76403.28,100230.08,215020.5,Limitado,No
25,40886.5,32,Divorciado/a,Primaria,Jubilado,No,No,142772.37,14844.38,153771.65,Malo,Sí
44,37215.14,32,Divorciado/a,Secundaria,Privado,No,Sí,117815.91,0.0,10000.0,Excelente,Sí
44,33358.26,12,Casado/a,Primaria,Jubilado,No,No,59896.26,0.0,103921.47,Regular,Sí
51,18142.88,29,Viudo/a,Postgrado,Independiente,No,Sí,33831.86,77688.17,190568.75,Bueno,Sí
38,37072.03,32,Divorciado/a,Secundaria,Público,No,No,111348.31,44187.07,131177.44,Regular,Sí
47,58230.37,12,Viudo/a,Universidad,Jubilado,Sí,Sí,252326.42,23774.35,116432.61,Bueno,Sí
50,50181.3,25,Viudo/a,Universidad,Jubilado,No,Sí,110011.59,0.0,145011.43,Bueno,Sí
45,53897.8,21,Viudo/a,Universidad,Privado,No,Sí,213277.02,11153.41,68881.09,Regular,Sí
64,22331.76,1,Casado/a,Secundaria,Independiente,Sí,No,39272.31,37272.78,123904.5,Regular,No
50,15155.93,25,Viudo/a,Bachillerato,Privado,Sí,No,44739.7,40119.73,87476.6,Limitado,Sí
22,28113.2,14,Casado/a,Bachillerato,Independiente,No,Sí,87183.41,29378.18,99018.83,Limitado,Sí
65,30835.87,33,Soltero/a,Bachillerato,Privado,No,Sí,49030.25,49556.23,141422.73,Bueno,Sí
36,46412.87,10,Divorciado/a,Primaria,Jubilado,No,No,58151.7,12062.32,53664.34,Limitado,Sí
21,5000.0,2,Divorciado/a,Primaria,Jubilado,No,Sí,15726.95,106833.92,164399.12,Sin historial,No
52,52943.25,5,Soltero/a,Postgrado,Público,Sí,Sí,77744.15,7598.11,78859.4,Bueno,Sí
66,27629.88,8,Casado/a,Secundaria,Jubilado,No,Sí,30548.98,18102.52,113033.14,Excelente,Sí
34,23596.78,5,Divorciado/a,Postgrado,Jubilado,No,No,31054.32,6040.73,29974.6,Malo,No
61,14818.43,8,Casado/a,Primaria,Jubilado,Sí,No,21699.91,55558.23,135991.86,Excelente,Sí
45,5177.15,30,Casado/a,Secundaria,Jubilado,Sí,Sí,14789.14,15893.22,172325.2,Bueno,Sí
47,42347.56,31,Casado/a,Universidad,Público,No,No,106505.92,24296.28,74267.92,Bueno,Sí
46,31099.77,11,Soltero/a,Secundaria,Independiente,No,Sí,84456.35,14813.98,44488.83,Excelente,Sí
63,10650.59,7,Soltero/a,Primaria,Público,Sí,No,25789.12,18352.39,113899.15,Regular,No
70,10573.82,7,Casado/a,Universidad,Público,No,Sí,14868.48,63222.32,172740.53,Excelente,No
23,24963.23,27,Viudo/a,Universidad,Privado,Sí,Sí,67328.4,2707.73,27507.17,Regular,Sí
52,55035.32,19,Soltero/a,Secundaria,Independiente,Sí,No,175147.36,3422.18,44684.59,Regular,Sí
58,26106.13,6,Viudo/a,Bachillerato,Privado,No,Sí,67471.38,24726.87,77290.52,Regular,Sí
54,7452.86,10,Viudo/a,Primaria,Público,Sí,Sí,18256.94,0.0,58982.81,Excelente,Sí
41,26313.85,19,Casado/a,Primaria,Jubilado,Sí,No,32443.54,0.0,59140.73,Bueno,Sí
46,25909.15,15,Viudo/a,Bachillerato,Independiente,Sí,No,57306.3,4065.67,10000.0,Limitado,Sí
66,5000.0,3,Viudo/a,Postgrado,Jubilado,No,Sí,5898.79,65994.28,129452.85,Bueno,No
63,29185.58,5,Viudo/a,Postgrado,Público,No,No,57669.89,24163.59,116936.03,Malo,No
70,26535.98,21,Casado/a,Primaria,Público,Sí,No,9545.88,2505.36,15057.54,Malo,Sí
48,40443.1,25,Casado/a,Bachillerato,Público,No,No,14860.48,86621.26,172859.79,Excelente,Sí
52,57734.34,2,Soltero/a,Bachillerato,Independiente,Sí,Sí,104438.67,13048.07,184054.62,Bueno,Sí
50,46898.48,13,Soltero/a,Universidad,Privado,Sí,No,68075.97,1706.6,62454.72,Bueno,Sí
69,25966.67,10,Viudo/a,Postgrado,Privado,No,Sí,54706.25,69905.88,158327.43,Excelente,Sí
38,13402.11,17,Casado/a,Postgrado,Jubilado,No,No,24998.04,21534.01,71350.11,Excelente,Sí
49,68600.4,11,Casado/a,Universidad,Independiente,No,Sí,139271.9,55942.95,109055.83,Bueno,Sí
40,30888.28,22,Viudo/a,Secundaria,Jubilado,Sí,Sí,80575.4,0.0,58211.89,Limitado,Sí
50,30208.94,11,Soltero/a,Postgrado,Jubilado,Sí,No,46423.02,4185.85,210712.58,Malo,Sí
20,29638.12,12,Casado/a,Universidad,Privado,Sí,Sí,52772.34,25803.96,85199.14,Regular,Sí
35,32971.27,24,Soltero/a,Bachillerato,Independiente,No,Sí,113916.44,40778.35,106322.45,Regular,Sí
42,27834.59,18,Viudo/a,Secundaria,Público,No,No,55755.03,30794.07,65603.13,Malo,Sí
59,21395.07,7,Casado/a,Primaria,Jubilado,Sí,No,38955.92,64670.0,193065.78,Excelente,Sí
48,21797.12,28,Viudo/a,Bachillerato,Público,No,Sí,45392.78,64698.73,194330.73,Limitado,Sí
71,29508.7,31,Divorciado/a,Secundaria,Independiente,No,No,54255.75,40325.04,181546.46,Excelente,Sí
20,21848.63,17,Viudo/a,Universidad,Jubilado,No,No,28194.08,91380.76,147822.02,Regular,No
57,19307.31,5,Viudo/a,Bachillerato,Público,No,Sí,19345.35,5459.26,68760.52,Bueno,No
63,31596.45,17,Viudo/a,Secundaria,Público,Sí,Sí,39071.18,52570.3,141392.5,Malo,No
41,26175.34,18,Casado/a,Primaria,Privado,No,Sí,75199.64,10207.75,99647.86,Excelente,Sí
67,52559.89,21,Viudo/a,Bachillerato,Independiente,Sí,No,72012.03,67400.18,165620.43,Excelente,Sí
49,5000.0,31,Viudo/a,Bachillerato,Independiente,Sí,Sí,9225.38,14426.08,155795.1,Malo,No
64,46372.6,2,Divorciado/a,Postgrado,Independiente,Sí,No,125240.16,30307.99,67536.72,Bueno,Sí
39,48691.28,27,Casado/a,Secundaria,Jubilado,No,Sí,83827.34,47522.05,147391.29,Bueno,Sí
40,5000.0,9,Divorciado/a,Secundaria,Privado,No,Sí,13166.81,87022.34,134101.72,Regular,No
19,24859.69,34,Viudo/a,Postgrado,Jubilado,Sí,Sí,11415.74,2437.96,10000.0,Limitado,Sí
44,24428.39,28,Casado/a,Universidad,Independiente,No,Sí,45619.61,53917.08,140046.83,Regular,Sí
59,8887.32,14,Divorciado/a,Universidad,Jubilado,Sí,No,18475.81,11296.46,78410.21,Malo,No
19,18332.75,32,Viudo/a,Postgrado,Público,No,No,37089.7,13502.36,55697.88,Regular,Sí
43,13341.36,6,Soltero/a,Bachillerato,Jubilado,Sí,No,4630.54,18574.34,57836.97,Regular,No
34,56284.06,11,Divorciado/a,Primaria,Jubilado,No,No,180284.18,0.0,93237.86,Regular,Sí
57,44035.18,29,Casado/a,Universidad,Independiente,No,No,50434.68,2042.98,124002.98,Regular,Sí
50,49073.33,20,Divorciado/a,Primaria,Público,No,Sí,114588.05,13324.41,31726.9,Bueno,Sí
26,40825.08,30,Divorciado/a,Secundaria,Independiente,No,Sí,81975.3,29648.64,109492.39,Bueno,Sí
60,13064.22,23,Divorciado/a,Secundaria,Público,No,No,39241.12,23373.09,128837.9,Excelente,Sí
71,22132.2,19,Soltero/a,Universidad,Público,Sí,No,92678.34,29466.11,193090.29,Bueno,Sí
65,37340.62,3,Casado/a,Bachillerato,Público,Sí,Sí,26498.23,7400.43,46165.49,Bueno,Sí
56,11668.08,27,Casado/a,Secundaria,Independiente,No,No,15764.58,26613.34,82519.39,Limitado,No
46,40694.98,19,Casado/a,Primaria,Público,Sí,No,89085.08,43990.16,113083.15,Excelente,Sí
59,26395.12,23,Viudo/a,Bachillerato,Privado,No,Sí,23614.31,0.0,157370.47,Bueno,Sí
72,24377.69,31,Casado/a,Universidad,Privado,Sí,No,67823.19,49395.15,84788.81,Excelente,Sí
43,40664.4,33,Casado/a,Secundaria,Privado,Sí,No,115624.04,90895.82,159932.07,Bueno,Sí
52,36663.95,1,Soltero/a,Universidad,Privado,No,No,93839.51,0.0,10000.0,Regular,Sí
67,24585.51,14,Viudo/a,Bachillerato,Independiente,No,No,54987.5,19307.87,37332.59,Malo,No
42,47389.95,33,Viudo/a,Bachillerato,Jubilado,No,No,159690.33,60013.0,117432.22,Bueno,Sí
41,13784.05,5,Divorciado/a,Bachillerato,Jubilado,Sí,No,11638.9,8840.26,29458.78,Malo,No
30,39239.03,11,Viudo/a,Postgrado,Privado,Sí,Sí,81039.12,1674.43,41276.47,Excelente,Sí
24,38896.52,2,Viudo/a,Postgrado,Jubilado,Sí,No,49056.18,37029.77,73611.16,Regular,Sí
74,25356.8,17,Soltero/a,Primaria,Privado,Sí,No,73279.03,34886.01,138571.95,Regular,Sí
53,34892.0,20,Casado/a,Bachillerato,Privado,No,No,5815.06,4097.76,10000.0,Bueno,Sí
62,11233.3,14,Viudo/a,Bachillerato,Jubilado,No,No,22151.13,80717.77,108514.92,Malo,No
37,43860.41,32,Viudo/a,Secundaria,Jubilado,Sí,Sí,102424.53,53132.58,151648.2,Regular,Sí
18,27226.47,34,Soltero/a,Primaria,Público,Sí,No,28656.07,10525.55,90252.74,Limitado,Sí
25,22159.15,25,Viudo/a,Primaria,Privado,Sí,Sí,30442.46,18991.2,81558.49,Regular,Sí
63,45735.14,7,Viudo/a,Universidad,Jubilado,Sí,No,92173.64,17065.9,120088.56,Excelente,Sí
33,19434.84,29,Soltero/a,Bachillerato,Jubilado,No,Sí,57431.83,34955.35,90394.45,Excelente,Sí
31,8873.08,22,Divorciado/a,Secundaria,Jubilado,No,No,8581.43,23527.78,169524.99,Bueno,No
29,6650.56,13,Divorciado/a,Universidad,Público,No,No,7591.95,9127.11,44429.35,Regular,Sí
68,39090.15,13,Viudo/a,Postgrado,Privado,No,Sí,122179.69,4200.06,97417.79,Excelente,Sí
40,10793.56,1,Viudo/a,Bachillerato,Privado,Sí,Sí,18640.74,30171.87,110284.32,Bueno,No
32,56321.91,4,Casado/a,Primaria,Independiente,No,No,68851.34,27189.35,81077.3,Regular,Sí
45,5000.0,13,Viudo/a,Bachillerato,Público,Sí,No,13643.42,0.0,10000.0,Bueno,Sí
51,55446.85,24,Casado/a,Bachillerato,Público,No,No,83824.71,32360.23,91954.75,Excelente,Sí
19,33165.26,19,Divorciado/a,Postgrado,Privado,No,No,100405.22,42177.27,145008.85,Regular,Sí
49,28549.3,1,Viudo/a,Secundaria,Independiente,No,No,38149.85,20419.33,138905.46,Bueno,No
40,21826.21,5,Viudo/a,Secundaria,Independiente,Sí,Sí,40169.08,83091.39,117738.92,Regular,No
39,35987.04,16,Soltero/a,Secundaria,Privado,No,No,105980.81,22178.84,45106.88,Malo,Sí
68,29435.48,24,Viudo/a,Universidad,Jubilado,Sí,No,52210.86,9667.41,119765.47,Limitado,Sí
42,46549.53,27,Divorciado/a,Secundaria,Público,No,No,128292.99,33356.4,71328.11,Excelente,Sí
39,31713.41,1,Viudo/a,Universidad,Independiente,No,Sí,61348.08,64591.3,117674.15,Regular,No
39,32254.53,34,Casado/a,Postgrado,Jubilado,Sí,No,128427.6,34623.41,106075.25,Regular,Sí
66,24545.82,4,Viudo/a,Bachillerato,Independiente,No,No,87598.6,19054.18,51181.24,Bueno,Sí
69,29145.82,0,Casado/a,Universidad,Jubilado,Sí,No,19583.19,20360.5,55377.21,Excelente,Sí
59,34617.03,11,Soltero/a,Postgrado,Jubilado,No,Sí,87312.59,0.0,117751.12,Malo,Sí
23,5000.0,22,Viudo/a,Universidad,Público,No,Sí,5917.98,23359.11,88944.35,Limitado,No
32,9777.22,30,Soltero/a,Postgrado,Independiente,Sí,No,21426.85,14625.06,57985.93,Limitado,Sí
71,41148.96,10,Soltero/a,Secundaria,Independiente,No,No,85111.3,31562.75,53858.49,Bueno,Sí
60,32562.98,9,Viudo/a,Secundaria,Jubilado,No,Sí,30759.41,31103.13,84808.46,Excelente,Sí
54,27240.25,2,Casado/a,Postgrado,Privado,Sí,Sí,83313.88,42902.5,178405.24,Malo,No
50,30276.51,13,Viudo/a,Primaria,Independiente,Sí,Sí,66708.32,20780.46,73696.1,Excelente,Sí
25,35213.73,15,Casado/a,Postgrado,Público,No,No,60402.71,50113.94,99299.02,Bueno,Sí
